attempt_count,num_callers,fraction
0,1004330,0.542666361201946
1,482724,0.26082868832440353
2,213137,0.11516362174534184
3,89943,0.048598608550562694
4,36974,0.019978041121026708
5,14702,0.007943883825426911
6,5611,0.003031773373994722
7,2160,0.0011671057722025663
8,769,0.0004155112679739692
9,274,0.0001480495285108811
10,72,3.8903525740085544e-05
11,24,1.2967841913361848e-05
12,8,4.322613971120616e-06
13,3,1.620980239170231e-06
14,1,5.40326746390077e-07
