attempt_count,num_callers,fraction
0,1043627,0.5568701463213691
1,478842,0.2555058604317606
2,206627,0.11025434156451064
3,86705,0.046265021925260955
4,35538,0.01896276280698834
5,14141,0.007545512658383198
6,5489,0.0029288819024019075
7,2056,0.0010970634343848281
8,710,0.00037884972685468284
9,237,0.0001264611060064223
10,88,4.695602248339731e-05
11,24,1.2806187950017448e-05
12,8,4.268729316672483e-06
13,1,5.335911645840603e-07
14,1,5.335911645840603e-07
