scenario_name,changed_parameter,changed_value,fluid_Q,sim_Q_mean,sim_Q_std,percent_error_Q,fluid_B,sim_B_mean,sim_B_std,percent_error_B,fluid_RS,sim_RS_mean,sim_RS_std,percent_error_RS,fluid_RL,sim_RL_mean,sim_RL_std,percent_error_RL
capacity_c_1,c,1,155.80553630930342,155.87145661761312,2.692381896397942,0.042309349122765114,1060.2422383244302,1060.5367029857969,10.865476934359927,0.027773338084701102,154.80553630930342,155.33550609729312,4.679973737572607,0.34234550044180156,4290.708384460781,4285.102942636786,45.52605979087389,-0.13064140747239286
capacity_c_100,c,100,153.87863093034323,154.08652394685552,3.882410786676219,0.13510194057184888,106024.22383244302,106027.75889557043,106.30667884858356,0.003334203259994339,53.878630930343235,54.376748736871676,4.298824767486452,0.924518307030538,12550.613446078172,12550.235762823775,77.38854299817532,-0.0030092812277252995
lambda_x_0.1,lambda_multiplier,0.1,15.284997535667962,15.301265167972305,0.40608255536757804,0.10642875320314688,16205.8,16207.953522737582,29.221129499775913,0.013288592587731149,0.0,0.0,0.0,,1696.0065758754863,1694.1226961581765,24.15957437885974,-0.11107738284194699
lambda_x_10,lambda_multiplier,10,1557.2378880837784,1556.6552815168275,7.927648868201551,-0.0374128173613785,55132.59639287037,55130.52085876482,71.95963145413974,-0.003764622458115703,1505.2378880837784,1505.3626790808855,13.594237264356774,0.008290450173689646,46411.28599196065,46412.98142199941,119.67849389641057,0.0036530555069137025
theta_4_3_3,theta_tuple,"4,3,3",154.8128880837785,154.76254490480918,3.412552495170365,-0.032518726052103715,55132.59639287037,55147.52168524026,81.24384296142291,0.02707162975516579,102.81288808377847,102.75468430258665,4.35124087404358,-0.05661136680101146,8545.81099196065,8540.917118488771,49.00948440931506,-0.05726634343403252
theta_1_1_9,theta_tuple,"1,1,9",463.2515523351139,463.1747094087213,3.73804174915669,-0.016587732087514545,55132.59639287037,55135.08367734769,81.14293984960376,0.004511458991692922,137.0838507783713,137.1987026300923,3.301795763824513,0.08378218956417026,39081.23875284286,39081.5550422923,87.66160018059277,0.0008093127534629072
